Time,Jitter
1,0
2,0.5943125
3,1.178605469
4,1.684005127
5,2.197754807
6,2.683145131
7,3.13163606
8,3.557714362
9,3.958357215
10,4.333647389
11,4.685481927
12,5.015451806
13,5.281298569
14,5.571779908
15,5.846543664
16,6.104009685
17,6.267036857
18,6.406805387
19,6.537775884
20,6.661130169
21,6.776267866
22,6.884084458
23,6.974850013
24,7.070262165
25,7.155579113
26,7.239063752
27,7.318525045
28,7.275200563
29,7.347708861
30,7.420504835
31,7.487931616
32,7.551394224
33,7.282265418
34,7.356214107
35,7.427471559
36,7.49458792
37,7.557384508
38,7.617075754
39,7.672404353
40,650.2120319
41,609.6619535
42,571.9492203
43,536.4599426
44,503.3212726
45,472.1334361
46,443.0139852
47,415.7232848
48,390.1294684
49,365.9167447
50,343.433587
51,322.1317239
52,302.2658523
53,283.7633129
54,266.2925989
55,249.8895476
56,234.6623398
57,220.3889574
58,206.8540781
59,194.1904344
60,182.4447336
61,171.3749864
62,161.6639733
63,386.859093
64,363.1057122
65,341.013751
66,320.2696555
67,300.8559479
68,282.658347
69,265.3412211
70,249.3604781
71,234.3815941
72,220.3387028
73,207.1730477
74,194.8310656
75,183.2602698
76,172.4127113
77,162.2431877
78,152.7092593
79,143.6598195
80,135.2843516
81,127.4347254
82,120.0760134
83,113.1775334
84,106.7099584
85,100.6459124
86,94.92368177
87,89.5520211
88,84.51545728
89,79.79443565
90,75.36835286
91,71.21896275
92,67.32890953
93,63.68192213
94,60.26274644
95,56.72601923
96,53.73452497
97,50.91843661
98,48.29522182
99,45.8021524
100,43.44271232
101,41.28436224
102,253.1438049
103,237.5842962
104,223.4726388
105,210.0449322
106,197.6531031
107,185.8601106
108,174.9801453
109,165.3012821
110,155.7069311
111,146.000609
112,136.8991751
113,128.5749559
114,120.6183545
115,113.2631309
116,106.3131019
117,100.3375539
118,94.13977619
119,88.77665824
120,83.61974904
121,79.05989667
122,74.63870868
123,70.23554633
124,66.36631774
125,62.99036733
126,59.57308743
127,56.37170002
128,53.37033682
129,50.79469772
130,47.70728605
131,44.92402512
132,42.6168291
133,40.18378423
134,38.19254077
135,36.03269447
136,33.96603301
137,32.36296151
138,30.53097086
139,28.76291712
140,27.14086675
141,25.89788202
142,25.21670884
143,24.16956037
144,23.18960868
145,21.91448036
146,20.6066795
147,19.84840787
148,429.8763615
149,403.5359917
150,378.8456381
151,355.6990565
152,333.9995808
153,313.6557528
154,294.5836016
155,276.7030848
156,259.9371698
157,244.22218
158,229.4013771
159,215.5917563
160,202.6486049
161,190.5139004
162,179.137615
163,168.4734168
164,158.4747241
165,149.1010747
166,140.3132783
167,132.0789484
168,124.3557225
169,117.1210176
170,110.3387873
171,103.9812659
172,98.02064513
173,92.43313259
174,87.19414513
175,82.28335134
176,77.67872521
177,73.36258267
178,69.31562958
179,65.52148607
180,61.48754597
181,58.17897018
182,55.08031232
183,52.17500113
184,49.45215384
185,46.89854006
186,44.50528408
187,97.9484816
188,92.30434039
189,87.01633995
190,82.04677009
191,77.39904835
192,73.23997589
193,69.41858156
194,65.83814938
195,62.48168171
196,59.33305577
197,56.33340645
198,53.56748521
199,50.97368405
200,48.54555102
201,46.26999575
202,44.13628768
203,42.13624887
204,40.26102498
205,38.50294009
206,36.855048
207,35.28252417
208,33.83290113
209,32.48421286
210,31.22492872
211,30.04498179
212,28.9382121
213,27.90061551
214,26.87018815
215,25.96140556
216,25.10948437
217,23.79375271
218,23.07405983
219,22.40241026
220,21.77349573
221,21.18344391
222,20.63102728
223,20.11237974
224,439.7155435
225,412.7521554
226,387.4746734
227,363.3214161
228,341.1309803
229,319.9521482
230,300.0845487
231,283.3031116
232,266.0445213
233,249.587086
234,234.5052334
235,220.3673716
236,207.1128692
237,194.6870301
238,183.487313
239,172.5355017
240,162.2778801
241,152.6525404
242,143.3751038
243,134.9302432
244,126.5098877
245,118.7099919
246,111.456423
247,105.0530979
248,98.55732793
249,93.14516855
250,87.8869219
251,82.43266289
252,77.30167007
253,73.03689903
254,68.60001645
255,64.36875153
256,61.10100317
257,57.84845436
258,55.60147458
259,52.58149353
260,49.45228907
261,46.92703489
262,44.06276882
263,41.8753041
264,39.82573649
265,38.98592657
266,37.08357005
267,35.51752053
268,33.86331439
269,32.26613501
270,30.78616824
271,29.3785605
272,28.06142825
273,26.40549871
274,25.27148837
275,23.88518007
276,22.89057159
277,21.51282754
278,20.68586609
279,19.56997168
280,19.75444568
281,19.03600115
282,17.9610983
283,16.97218938
284,16.42951782
285,15.58446463
286,14.67465781
287,14.27558197
288,13.52552477
289,12.80290169
290,12.51937311
291,12.02594702
292,11.45742949
293,11.06556237
294,10.53508973
295,9.901514673
296,9.877857506
297,9.357859467
298,8.790430751
299,8.282209384
300,7.835258798
301,7.408485678
302,394.7077053
303,370.6347932
304,348.0679936
305,326.9113065
306,307.0777943
307,288.4836197
308,271.0520254
309,254.7087738
310,239.3766074
311,225.0121319
312,211.5473181
313,198.9237357
314,187.0888772
315,175.9354891
316,165.3327224
317,155.3923161
318,146.0733728
319,137.3254814
320,129.1348402
321,121.4568641
322,114.258317
323,107.5101861
324,101.1838759
325,95.25302251
326,89.69215305
327,84.46390737
328,79.57630205
329,74.99573456
330,70.7008831
331,66.67527929
332,62.90121322
333,59.36226934
334,55.79642612
335,52.69841338
336,49.79752643
337,47.07768797
338,44.52840886
339,42.1385222
340,39.89819095
341,117.9285748
342,111.0680042
343,104.6378512
344,98.59620074
345,92.94696597
346,87.65074587
347,82.68635898
348,78.03173932
349,73.55484589
350,69.2778833
351,65.45942532
352,61.88098901
353,58.52657998
354,55.38207151
355,52.43396981
356,49.67088142
357,47.07954161
358,44.64953554
359,42.37221735
360,40.23805098
361,38.23645058
362,36.29670019
363,34.53849671
364,32.92664622
365,31.50057111
366,30.16305625
367,28.90907357
368,27.73415925
369,26.63192013
370,25.59850845
371,24.63062945
372,23.72267344
373,22.64677719
374,21.86094389
375,21.12590573
376,20.43655746
377,19.79111289
378,19.18556417
379,18.61117474
380,447.2360666
381,419.6893263
382,393.500924
383,369.0392273
384,346.3290256
385,324.8351699
386,304.9485134
387,286.1476341
388,268.4541153
389,252.0942748
390,236.5591534
391,222.2124911
392,208.6058562
393,195.795261
394,184.0165364
395,172.6769681
396,162.2494285
397,152.31411
398,143.2190823
399,134.3952508
400,126.4358809
401,118.7693675
402,111.6054487
403,104.7858443
404,98.90974986
405,93.22780716
406,87.58911783
407,82.5458813
408,78.24293038
409,74.48607362
410,70.06611069
411,65.92077044
412,62.28261812
413,58.5882531
414,55.14657756
415,51.73470812
416,48.94011526
417,46.12902472
418,43.31788429
419,40.81812068
420,38.72125203
421,36.50215294
422,34.3621295
423,32.29185057
424,30.7113113
425,29.04033351
426,555.5110141
427,521.5880548
428,489.8136
429,459.9939167
430,431.979908
431,405.6968304
432,381.0778827
433,357.9994942
434,336.3263175
435,316.0405268
436,297.0276675
437,279.2027924
438,262.3627221
439,246.7015311
440,232.0217896
441,218.2599763
442,205.3577695
443,193.2625756
444,181.9227688
445,171.2911999
446,161.325361
447,151.9746232
448,143.2030078
449,134.9801809
450,127.2711557
451,120.0439446
452,113.2686217
453,106.9164439
454,100.9613398
455,95.37849218
456,90.14444753
457,85.23715567
458,80.25581956
459,75.96375444
460,71.9431309
461,68.17429633
462,64.64088892
463,61.32831948
464,58.22291062
465,556.0121593
466,521.4783576
467,489.0752936
468,459.0135669
469,430.4409273
470,403.7128902
471,378.9413762
472,355.4249361
473,333.2590859
474,312.7421777
475,293.5482777
476,275.5385312
477,258.6824772
478,242.7953362
479,227.9634194
480,214.0521015
481,201.0141438
482,188.8131556
483,177.4289376
484,166.7377679
485,156.6880115
486,147.2315317
487,138.3494498
488,129.8126509
489,121.7857213
490,114.2527804
491,107.1940927
492,100.5445661
493,94.34357932
494,89.0108695
495,83.58485683
496,79.70535189
497,75.24891323
498,70.57893948
499,66.57011688
500,63.12056096
501,60.32638701
502,56.67755727
503,53.26228633
504,216.0915948
505,203.7351063
506,192.0628982
507,181.2083907
508,171.0354149
509,161.4976876
510,152.4048599
511,143.8804589
512,135.8882705
513,128.3947744
514,121.3707538
515,114.785797
516,108.5567055
517,102.7551892
518,97.33289263
519,92.24935768
520,87.4847381
521,83.01778225
522,78.82925419
523,75.26229386
524,71.91801855
525,68.78288544
526,65.84376066
527,63.08801867
528,60.50482306
529,58.08313968
530,55.8125615
531,53.68395696
532,51.68832771
533,49.81742528
534,48.06351676
535,46.41922752
536,44.32551885
537,42.91054198
538,41.57999422
539,40.33936958
540,39.17783954
541,38.08884262
542,36.33747746
543,153.834524
544,144.6907204
545,136.1184046
546,128.0819834
547,120.0960748
548,114.0895284
549,107.4266621
550,101.1821623
551,96.38848553
552,90.83217741
553,85.62552049
554,80.74446712
555,76.16885459
556,71.52444702
557,67.23094686
558,63.49736684
559,59.99894808
560,56.71968049
561,54.8811588
562,51.91880859
563,48.75940389
564,45.85027448
565,43.06261149
566,40.99953855
567,38.55110906
568,37.22989391
569,36.18224776
570,34.54962811
571,32.50762358
572,31.10391794
573,29.79188834
574,28.57174949
575,27.41616792
576,25.74076159
577,24.76456122
578,23.84517197
579,29.21682095
580,27.99972797
581,26.68052275
582,25.64138591
583,24.67032707
584,23.75970246
585,24.06006828
586,22.5928904
587,22.14648059
588,21.14471444
589,352.7272115
590,331.5792746
591,311.8214658
592,293.3002631
593,275.9373925
594,259.6593818
595,244.3994413
596,230.0926151
597,216.6804725
598,204.1059568
599,192.279279
600,181.1631713
601,170.7418203
602,160.9721162
603,151.8120118
604,143.2252332
605,135.1751284
606,127.6273981
607,120.5520955
608,113.9189367
609,107.699531
610,101.8636575
611,96.39702613
612,91.27355922
613,86.47928816
614,82.05352015
615,77.90423764
616,74.01365334
617,70.36711251
618,66.94759853
619,63.74237362
620,60.73772527
621,57.397298
622,54.78696687
623,52.34209394
624,50.04889363
625,47.90046278
626,45.88649635
627,44.11071533
628,343.1633442
629,322.2238574
630,302.5930261
631,283.7924897
632,266.1698619
633,342.7457108
634,321.8286386
635,302.2218209
636,283.8403043
637,266.608452
638,250.4531459
639,235.307484
640,221.1084885
641,207.7968677
642,195.3170982
643,183.5339393
644,172.5688528
645,162.2902092
646,152.6551684
647,143.6224426
648,135.3757899
649,128.1980253
650,121.4681278
651,115.1594046
652,109.2453585
653,103.7000583
654,98.50083936
655,93.62776606
656,89.05875291
657,84.77517807
658,80.75054889
659,76.9174243
660,73.32475195
661,69.95680912
662,66.77879327
663,63.81966036
664,60.54953575
665,57.97559949
666,55.56579119
667,53.30740841
668,51.1893551
669,48.93183986
670,46.45266236
671,164.6440029
672,156.0071555
673,147.8563541
674,140.2687973
675,132.8914141
676,125.7461174
677,119.4531517
678,113.5580658
679,108.0310409
680,102.8496425
681,97.99308846
682,93.4394371
683,89.01736117
684,84.66825526
685,80.59039903
686,76.76554076
687,73.18142363
688,69.82149437
689,66.67194264
690,63.71942539
691,60.95062103
692,58.35556138
693,55.92288046
694,53.87790877
695,52.05269225
696,50.31167676
697,48.70891224
698,47.2083205
699,45.7291963
700,44.41283681
701,43.18068729
702,41.80167906
703,39.94685884
704,38.20834683
705,36.57861682
706,35.05086993
707,33.61848223
708,32.27492431
709,30.96222071
710,153.7262277
711,144.6558316
712,137.9244393
713,131.1552591
714,123.5310137
715,116.3852906
716,109.6861058
717,103.4059325
718,99.25078397
719,93.62025581
720,88.3224551
721,83.18782943
722,78.40742342
723,74.07998029
724,70.0238843
725,66.22191237
726,62.65813312
727,59.31683314
728,56.17230884
729,53.23581037
730,50.4840375
731,47.90368099
732,45.48435371
733,43.16668577
734,42.58200402
735,40.36751766
736,38.29419364
737,36.35000792
738,34.52758382
739,35.39202649
740,34.05363595
741,32.09170037
742,30.52992049
743,29.07062684
744,27.7032335
745,26.41010779
746,25.20798995
747,23.98819891
748,22.93501287
749,178.4153037
750,167.7101111
751,157.6767431
752,148.2709675
753,139.4532334
754,131.1070452
755,123.3573132
756,273.2298422
757,256.5870604
758,240.9991955
759,226.3805097
760,212.6774987
761,199.8341689
762,187.7446167
763,176.3416823
764,165.6536813
765,155.6338054
766,146.2337342
767,137.4271675
768,129.1713862
769,121.4314662
770,114.1754788
771,107.372928
772,100.9954117
773,95.01667762
774,89.39548943
775,84.14037551
776,79.21495621
777,74.59725061
778,70.26840161
779,66.19529318
780,62.39025402
781,58.82402981
782,55.48094462
783,52.34105224
784,49.40240315
785,46.64816962
786,44.05320068
787,41.63141731
788,39.19747456
789,37.07836156
790,35.09350563
791,33.2330782
792,31.48917748
793,29.85439555
794,28.32185
795,328.1529913
796,308.2749988
797,289.0191169
798,270.9594152
799,254.0626948
800,238.8167208
801,223.8969258
802,209.9720485
803,196.8491149
804,185.2134757
805,174.2838141
806,164.7306312
807,155.0685987
808,146.0118738
809,137.5223261
810,130.2236113
811,122.7186426
812,115.6848593
813,109.0905001
814,102.9083508
815,97.3386969
816,91.29035473
817,86.28322839
818,81.13675578
819,76.15878494
820,72.04934005
821,67.64890213
822,63.47348463
823,59.53191268
824,55.86500147
825,52.47986249
826,49.89770441
827,46.89343122
828,44.00860566
829,41.30215114
830,38.72866253
831,36.36632251
832,34.13732318
833,32.78909465
834,441.0987832
835,414.2213245
836,389.0267695
837,365.4059297
838,343.2623994
839,322.5029647
840,303.0409322
841,284.7953392
842,267.6900333
843,251.6537465
844,236.5924776
845,222.4972255
846,209.2847323
847,196.8994018
848,185.287967
849,174.4023718
850,164.1971888
851,154.6227673
852,145.6529971
853,137.3129626
854,129.444083
855,122.1453278
856,115.3023004
857,108.8799622
858,102.866277
859,97.22825276
860,91.93923002
861,86.98446564
862,82.33836709
863,77.98096221
864,73.89808262
865,69.61988996
866,66.05320239
867,62.7154328
868,59.58746825
869,56.64972371
870,53.89367153
871,51.30987261
872,431.4315195
873,404.8319801
874,379.8803632
875,356.2681947
876,334.0820437
877,313.3282076
878,293.9793057
879,275.8123977
880,259.0597618
881,243.0338878
882,228.0269434
883,213.9618705
884,201.0036425
885,188.577526
886,177.2598195
887,166.3700669
888,156.1633613
889,146.6023248
890,137.6896309
891,129.4810012
892,121.4308414
893,114.157268
894,107.2695915
895,101.0357768
896,95.011256
897,90.44358028
898,84.83518985
899,80.36444882
900,75.55368465
901,72.69280853
902,68.75658439
903,64.77610342
904,61.03802751
905,57.56790773
906,54.28115656
907,50.99222316
908,48.31719532
909,45.39039839
910,42.63458183
911,40.11124685
912,37.95268281
913,36.0810568
914,34.16419909
915,32.36254081
916,30.64996534
917,29.05338418
918,27.5998185
919,25.94799651
920,24.5221495
921,23.55764016
922,22.58491265
923,21.26954311
924,20.19894667
925,19.0138875
926,17.91926953
927,17.11007907
928,16.79354635
929,16.27104693
930,15.59050927
931,15.12525522
932,15.31510038
933,15.07994133
934,14.64659083
935,14.49497057
936,13.92433352
937,13.43744462
938,12.86109739
939,12.43884824
940,12.07647578
941,11.4100016
942,11.08094595
943,10.65206738
944,10.37000761
945,9.969812694
946,9.723956345
947,9.411202129
948,9.206196441
949,8.843802219
950,8.580557636
951,8.427967228
952,8.160205387
953,8.034386995
954,7.766480863
955,7.595631365
956,7.505098849
957,7.277773227
958,7.090405455
959,7.031324559
960,6.83423483
961,6.770914597
962,6.56578799
963,6.415669297
964,6.39963441
965,6.259775315
966,6.252483802
967,6.13269662
968,6.133785026
969,5.968604017
970,5.791469044
971,5.873731395
972,5.685650961
973,5.538388054
974,5.635711023
975,5.539881861
976,5.371042023
977,5.276192174
978,5.385964886
979,5.491869858
980,5.227912714
981,5.344265392
982,5.162394638
983,5.046522751
984,5.173774801
985,5.072816654
986,5.024480891
987,5.153048057
988,4.927010332
989,4.838724964
990,4.978964376
991,5.51349438
992,5.612185703
993,5.436139375
994,5.53992233
995,6.026392463
996,5.860645711
997,5.936952577
998,5.833670818
999,5.725726114
1000,5.72183351
1001,5.656684194
1002,5.345794209
1003,5.065091793
1004,33.38099578
1005,36.15127382
1006,34.21353448
1007,32.42984136
1008,30.75931655
1009,29.19332454
1010,27.72615148
1011,26.34966979
1012,25.05934321
1013,23.85003703
1014,22.71050694
1015,21.64731554
1016,20.65138609
1017,19.71757724
1018,18.84288838
1019,18.02223564
1020,17.25281119
1021,16.51066327
1022,15.83471209
1023,15.20207731
1024,14.60897525
1025,14.05269208
1026,13.5313016
1027,13.04337997
1028,12.5850715
1029,12.15528231
1030,11.75254244
1031,11.37223076
1032,11.01780662
1033,10.68622148
1034,10.37517292
1035,10.08507878
1036,9.813240521
1037,9.290121321
1038,9.065967905
1039,8.858268522
1040,8.658293406
1041,8.475441735
1042,8.304205793
1043,22.96554015
1044,26.61620084
1045,25.5374244
1046,24.29496732
1047,23.1371013
1048,21.82401858
1049,20.81333687
1050,19.79530192
1051,18.9171025
1052,18.07185304
1053,17.29661917
1054,16.49982352
1055,15.8145915
1056,15.19047814
1057,14.5883302
1058,13.90111512
1059,13.47646904
1060,12.97757166
1061,12.51236232
1062,11.82408273
1063,11.43008451
1064,12.06225284
1065,11.64880648
1066,11.26876302
1067,11.22988894
1068,10.71076394
1069,10.3315773
1070,10.03104817
1071,9.7515521
1072,9.397691205
1073,9.151592449
1074,8.92469431
1075,8.71478286
1076,262.1117895
1077,246.0740665
1078,231.0408818
1079,216.9480211
1080,203.7370962
1081,191.3518471
1082,179.7409331
1083,168.8553192
1084,158.6498687
1085,149.0830783
1086,140.0232679
1087,131.6153831
1088,123.7374355
1089,116.3519777
1090,109.4176319
1091,102.9020994
1092,96.79223203
1093,91.06559947
1094,85.69713145
1095,80.66425518
1096,75.94562118
1097,71.52290874
1098,67.37604639
1099,63.48792543
1100,59.84237454
1101,56.42592752
1102,53.22175149
1103,50.21833647
1104,47.40294738
1105,44.76390206
1106,42.28916513
1107,39.69521036
1108,37.53414166
1109,35.51139669
1110,33.61500385
1111,31.83688555
1112,30.17014965
1113,28.60840418
1114,267.9767817
1115,251.6729551
1116,236.3881176
1117,221.949645
1118,209.4300699
1119,196.7832253
1120,184.9288084
1121,173.5622232
1122,163.1465565
1123,153.877737
1124,144.6813506
1125,136.0809259
1126,127.6858333
1127,119.902184
1128,112.6317628
1129,106.0351873
1130,99.57607842
1131,93.79585824
1132,88.11445738
1133,82.88789407
1134,77.84567847
1135,73.41410829
1136,69.0278793
1137,64.90885212
1138,61.29045858
1139,57.6750202
1140,54.26454671
1141,51.3281306
1142,48.31476133
1143,45.45347069
1144,43.08880238
1145,40.60069668
1146,38.19079202
1147,36.00512447
1148,34.2297903
1149,32.21049785
1150,30.40485562
1151,28.63137159
1152,27.65598725
1153,26.40435611
1154,25.23181996
1155,24.13307427
1156,22.78652102
1157,21.5434954
1158,20.45360332
1159,19.65012117
1160,18.51762749
1161,17.54665771
1162,16.736443
1163,16.16628336
1164,15.22509204
1165,15.09659323
1166,14.62904227
1167,13.88529657
1168,13.48934748
1169,12.83416604
1170,12.49343344
1171,11.89894107
1172,11.34972253
1173,10.9017121
1174,10.68150787
1175,10.76901085
1176,10.55704489
1177,10.33050737
1178,10.53194788
1179,10.06242336
1180,9.89486912
1181,9.739217577
1182,9.245113701
1183,8.880196872
1184,8.785774846
1185,8.699316696
1186,9.60394968
1187,9.464543103
1188,9.050231381
1189,8.945807197
1190,8.572597025
1191,8.259469434
1192,299.9137873
1193,281.6145853
1194,264.475389
1195,248.4078925
1196,233.3422742
1197,219.2092293
1198,205.9601941
1199,193.5390362
1200,181.8938186
1201,170.9771841
1202,160.6718393
1203,151.0775091
1204,142.0867064
1205,133.6577039
1206,125.7546946
1207,118.3466304
1208,111.4016327
1209,104.8899403
1210,98.78598574
1211,93.0634658
1212,87.56903391
1213,82.54407346
1214,77.83629803
1215,73.42250163
1216,69.28519944
1217,65.40654114
1218,61.76966704
1219,58.36085452
1220,55.16503028
1221,52.16812561
1222,49.24803443
1223,46.61744894
1224,43.9939556
1225,41.67731255
1226,39.5001819
1227,37.45973998
1228,35.54852012
1229,33.751314
1230,32.07086382
1231,305.8800598
1232,287.2498061
1233,269.5524988
1234,253.0784051
1235,237.5386228
1236,223.0752158
1237,209.3432024
1238,196.7135092
1239,184.7951023
1240,173.5712765
1241,163.1482592
1242,153.1698055
1243,144.0607552
1244,135.311333
1245,127.3209997
1246,120.2709372
1247,113.0218786
1248,106.2475112
1249,100.0422292
1250,94.13533991
1251,365.8363187
1252,343.8529238
1253,323.2648035
1254,303.9298783
1255,285.821504
1256,268.5965211
1257,252.6895371
1258,237.7792952
1259,223.8013879
1260,210.6964678
1261,198.4115497
1262,186.8943139
1263,176.0961485
1264,165.9736878
1265,156.482874
1266,147.586118
1267,139.2331592
1268,131.4122534
1269,124.0821612
1270,117.1687831
1271,110.688373
1272,104.6123566
1273,98.91653574
1274,93.57625921
1275,88.53369439
1276,83.83922044
1277,91.98013722
1278,87.07189253
1279,82.47159369
1280,78.16007047
1281,74.11757301
1282,70.32817609
1283,66.77492203
1284,63.44094079
1285,60.35982644
1286,57.50705256
1287,54.83245205
1288,52.32482658
1289,293.8691916
1290,276.3150754
1291,259.797911
1292,244.3699305
1293,229.9093306
1294,216.3525252
1295,203.6415063
1296,191.7261205
1297,180.5559532
1298,170.0824701
1299,160.265024
1300,151.0617378
1301,142.4322056
1302,134.3427761
1303,126.7589359
1304,119.6490232
1305,113.033494
1306,106.8663103
1307,100.6430132
1308,95.38960957
1309,90.32716869
1310,84.85688037
1311,79.89272812
1312,75.04134234
1313,70.47266816
1314,66.43421668
1315,62.53048786
1316,58.93130459
1317,55.41313278
1318,52.27771476
1319,49.29594786
1320,46.46015945
1321,43.76547588
1322,41.30702252
1323,39.17543778
1324,36.95886181
1325,35.02516906
1326,32.98911683
1327,31.15424841
1328,29.63977455
1329,27.99811503
1330,26.49212868
1331,25.20135675
1332,24.02320945
1333,22.6701408
1334,21.5945695
1335,20.32797141
1336,19.39304264
1337,18.42422748
1338,17.72765076
1339,16.69317259
1340,15.69966874
1341,15.12325195
1342,14.3826737
1343,13.57451354
1344,13.02735644
1345,12.45602166
1346,12.18820087
1347,11.43895915
1348,11.23673253
1349,10.70510342
1350,10.80527056
1351,10.26279532
1352,9.813974779
1353,9.316893022
1354,9.266226097
1355,8.801253632
1356,8.330404447
1357,7.95355278
1358,8.013976565
1359,8.281394696
1360,8.467828361
1361,8.0855127
1362,7.734959822
1363,7.463823445
1364,7.011105313
1365,6.643820953
1366,6.333227977
1367,6.09756095
1368,5.748123113
1369,5.442282085
1370,5.129799177
1371,4.849165895
1372,4.570690249
1373,4.314167942
1374,5.246060223
1375,5.086952293
1376,5.454177497
1377,5.383326125
1378,5.083034909
1379,5.360810505
1380,5.060239015
1381,4.774626854
1382,4.533914065
1383,4.254030547
1384,4.612292527
1385,4.981322855
1386,4.679163788
1387,4.388771606
1388,4.17442477
1389,4.570259333
1390,4.352229236
1391,4.73751352
1392,5.255307813
1393,5.542239964
1394,5.223676355
1395,4.932245194
1396,4.644590981
1397,4.721255433
1398,5.08322558
1399,4.78216287
1400,4.485013802
1401,4.873207383
1402,5.232263866
1403,5.52792793
1404,5.853001879
1405,6.973432317
1406,7.208662242
1407,6.883822241
1408,6.517340295
1409,6.145013471
1410,6.431832074
1411,6.051974513
1412,5.713739995
1413,5.39582569
1414,5.086093529
1415,4.784719628
1416,4.507369095
1417,4.242609916
1418,3.997391241
1419,4.444484844
1420,4.816773985
1421,4.577954778
1422,4.296929826
1423,4.12777449
1424,3.957385807
1425,3.717708916
1426,3.546629887
1427,3.728055796
1428,4.383580087
1429,4.190321609
1430,4.533023731
1431,4.90968197
1432,5.171167125
1433,5.505191402
1434,5.168026661
1435,5.030990273
1436,5.342143658
1437,5.670231902
1438,5.48475213
1439,5.172239844
1440,4.869197076
1441,4.602080592
1442,4.990693611
1443,5.35765026
1444,5.734054063
1445,5.398738184
1446,5.086810103
1447,5.443259472
1448,5.146625199
1449,287.4171486
1450,270.1279449
1451,253.9231983
1452,238.7307415
1453,224.4886952
1454,211.1360198
1455,198.618831
1456,186.8830846
1457,175.8812669
1458,165.5651182
1459,155.8953608
1460,146.8789494
1461,138.4631192
1462,130.5730909
1463,123.1755019
1464,116.2411372
1465,109.7364828
1466,103.6398068
1467,97.92629804
1468,92.56988358
1469,87.54812003
1470,82.84052919
1471,78.42691278
1472,74.2893349
1473,70.40598064
1474,66.76239851
1475,63.35179027
1476,60.15590755
1477,57.1525036
1478,54.33088879
1479,51.68649991
1480,49.20738533
1481,46.47877792
1482,44.32339596
1483,42.30434344
1484,40.41242614
1485,38.63900367
1486,36.97635761
1487,35.40931443
1488,88.60844061
1489,83.57912835
1490,78.86828005
1491,74.45160282
1492,70.31134987
1493,66.42966828
1494,62.79059179
1495,59.37946453
1496,56.18090077
1497,53.18255975
1498,50.37193449
1499,47.73627886
1500,45.26553921
1501,42.94972773
1502,40.77802253
1503,38.7422989
1504,36.83412744
1505,35.04470975
1506,33.36776261
1507,31.79493023
1508,30.32052487
1509,28.93871428
1510,27.62104464
1511,26.37770852
1512,25.1947684
1513,24.10232454
1514,23.07821398
1515,22.11474227
1516,21.21536255
1517,20.37238156
1518,19.57808688
1519,18.83731061
1520,17.67993703
1521,17.04878819
1522,16.4655306
1523,15.9192891
1524,15.1650627
1525,14.69910045
1526,14.26338583
1527,304.5671534
1528,286.3353938
1529,268.8867372
1530,252.1643717
1531,236.9014249
1532,222.8778914
1533,209.4219746
1534,361.6076706
1535,339.7894273
1536,319.3369561
1537,300.162195
1538,282.1868634
1539,265.33499
1540,249.5354767
1541,234.72419
1542,220.8379767
1543,207.8203462
1544,195.6156232
1545,184.1861328
1546,173.4732565
1547,163.429303
1548,154.0137285
1549,145.1858079
1550,136.9105144
1551,129.1514822
1552,121.878209
1553,115.058946
1554,108.6664563
1555,102.6729278
1556,97.05468924
1557,91.78658366
1558,86.84855412
1559,82.21858199
1560,77.87842756
1561,73.82979667
1562,70.05093438
1563,66.50743154
1564,63.18533512
1565,60.07111973
1566,56.59592475
1567,53.89167251
1568,51.35837353
1569,48.98441269
1570,46.75825495
1571,44.67116957
1572,42.71522147
1573,68.51908263
1574,65.17541774
1575,62.04136386
1576,59.09524389
1577,56.33932587
1578,53.75639578
1579,51.33571827
1580,148.14184
1581,139.6671487
1582,131.1737574
1583,123.1465712
1584,115.5406535
1585,108.4854738
1586,101.8390623
1587,96.02412781
1588,90.17154343
1589,84.67687752
1590,79.53362129
1591,75.0906519
1592,70.52347227
1593,66.22687331
1594,62.21324234
1595,58.41828275
1596,54.95369563
1597,52.13547854
1598,48.95855974
1599,45.96782337
1600,43.16957052
1601,40.51052098
1602,38.08447453
1603,35.77450042
1604,33.56485804
1605,31.51079052
1606,29.61322722
1607,27.82663663
1608,26.19895795
1609,24.65600919
1610,23.14631417
1611,21.83171815
1612,21.06256215
1613,19.84995063
1614,18.6419676
1615,17.57646269
1616,16.86387127
1617,15.99074737
1618,15.58788816
1619,426.8684646
1620,401.0214286
1621,376.7932143
1622,354.078319
1623,332.7838615
1624,312.8198633
1625,294.1013024
1626,276.555221
1627,260.1055127
1628,244.6837237
1629,230.226616
1630,216.7154386
1631,204.0812237
1632,192.1655222
1633,181.0607326
1634,170.6543743
1635,160.8989759
1636,151.7529149
1637,143.1780383
1638,135.1400359
1639,127.6038462
1640,120.5390433
1641,113.9161031
1642,107.7060897
1643,101.8847091
1644,96.44124116
1645,91.37195525
1646,86.61924972
1647,82.16390078
1648,77.98688614
1649,74.07105993
1650,70.40003535
1651,66.47838731
1652,63.27771727
1653,60.2807141
1654,57.47127364
1655,54.8375482
1656,52.28174311
1657,49.96861333
1658,115.1352347
1659,108.8198867
1660,102.9020049
1661,97.35436571
1662,92.15307202
1663,87.27755363
1664,82.7059982
1665,78.37504692
1666,74.35871065
1667,70.59515235
1668,67.06643449
1669,63.75889345
1670,60.65706678
1671,57.75023621
1672,55.02483256
1673,52.46919719
1674,50.07322653
1675,47.75232349
1676,45.64903244
1677,43.68001652
1678,41.83286965
1679,40.10160697
1680,38.47943014
1681,36.95775743
1682,35.5313837
1683,34.19415138
1684,32.94024609
1685,31.76546682
1686,30.66360431
1687,29.66097626
1688,28.79683191
1689,27.98745353
1690,26.73152935
1691,26.04660043
1692,25.40822957
1693,24.81026384
1694,24.24928901
1695,23.72325012
1696,23.23015115
1697,297.9566348
1698,279.8593034
1699,262.8937497
1700,246.7180432
1701,231.3673599
1702,217.1009763
1703,203.9716583
1704,521.3309991
1705,489.1860547
1706,459.0516624
1707,430.7948641
1708,404.3102406
1709,379.4813437
1710,356.2006208
1711,334.37845
1712,313.920415
1713,294.7379446
1714,276.7563092
1715,259.8995329
1716,244.0931176
1717,229.2777283
1718,215.3878564
1719,202.3639835
1720,190.1566651
1721,178.712304
1722,167.9712087
1723,157.9123137
1724,148.4835371
1725,139.6404966
1726,131.3529517
1727,123.5842603
1728,116.0642995
1729,109.2500239
1730,102.8978002
1731,96.94183349
1732,91.35880917
1733,86.12491138
1734,81.21800719
1735,76.61765952
1736,71.96689608
1737,67.94143035
1738,64.16999373
1739,60.6346469
1740,57.32019675
1741,54.21277473
1742,51.29981659
1743,73.86708499
1744,69.76160746
1745,65.91465977
1746,62.30808381
1747,58.9275508
1748,55.77995387
1749,52.83747759
1750,50.07960052
1751,47.49396576
1752,45.06955124
1753,42.79154456
1754,40.6603508
1755,38.66253721
1756,36.79040641
1757,35.03540879
1758,33.38921657
1759,31.84660582
1760,30.40040823
1761,29.04402855
1762,27.77299204
1763,26.58114532
1764,25.46340707
1765,24.41640941
1766,23.4345366
1767,22.51440584
1768,21.6515888
1769,20.84332978
1770,20.08564945
1771,19.37469219
1772,18.71707254
1773,18.10200551
1774,17.52544266
1775,16.43579
1776,15.96093507
1777,15.51806412
1778,15.10268512
1779,14.7133923
1780,14.34855528
1781,14.00652057
1782,332.1830853
1783,311.9604202
1784,292.5226856
1785,275.1152955
1786,258.0113951
1787,241.989801
1788,226.9168134
1789,428.7852556
1790,402.5439341
1791,377.9453827
1792,354.8850532
1793,333.2656818
1794,312.9700836
1795,293.8880229
1796,276.0749034
1797,259.3796039
1798,243.7295731
1799,228.8178567
1800,215.0756226
1801,202.1942781
1802,190.1180177
1803,178.7965235
1804,168.1829353
1805,158.2317518
1806,148.9031493
1807,140.1578969
1808,131.9703339
1809,124.3081949
1810,117.1256967
1811,110.3919795
1812,104.0782377
1813,98.15992426
1814,92.61037344
1815,87.40898899
1816,82.53287856
1817,77.9606431
1818,73.67474179
1819,69.65663988
1820,65.89042627
1821,62.14241352
1822,58.84176962
1823,55.75123541
1824,52.85347764
1825,50.13746167
1826,47.59119671
1827,45.20350386
1828,236.8606321
1829,222.5645648
1830,209.1620017
1831,196.1909044
1832,184.0803132
1833,172.7177589
1834,162.10051
1835,152.442499
1836,143.063315
1837,134.5957606
1838,126.3534978
1839,118.6334389
1840,111.4023837
1841,104.9130056
1842,98.52910243
1843,92.56338075
1844,87.25125973
1845,81.98502822
1846,77.00812368
1847,73.12947011
1848,68.86928795
1849,65.03836024
1850,61.4488655
1851,57.87478363
1852,54.73176243
1853,51.78598561
1854,49.02538929
1855,46.11014968
1856,43.46167505
1857,40.86073008
1858,38.44234417
1859,36.51284349
1860,423.721388
1861,397.7324401
1862,373.3614057
1863,350.5393734
1864,329.146975
1865,309.0910947
1866,290.2895262
1867,272.6621739
1868,256.1294686
1869,240.6370643
1870,226.1128658
1871,212.4966173
1872,199.7241412
1873,187.7572504
1874,557.5698112
1875,522.7519758
1876,490.3310745
1877,460.3829032
1878,431.6661176
1879,405.7263394
1880,380.8255196
1881,357.8594037
1882,336.1300868
1883,315.8201023
1884,297.2161445
1885,278.8033438
1886,261.9304265
1887,246.2572331
1888,231.5644825
1889,218.3568065
1890,205.3978394
1891,192.6511203
1892,181.3080016
1893,170.0851682
1894,159.6585535
1895,149.8455606
1896,141.0594144
1897,132.8255691
1898,125.1081724
1899,117.3741478
1900,110.2231316
1901,103.9176372
1902,98.03514602
1903,92.01475495
1904,86.84790916
1905,82.06002595
1906,76.99926738
1907,72.77020206
1908,68.36367554
1909,162.5711264
1910,152.9941949
1911,144.0185716
1912,135.6036678
1913,127.7154524
1914,120.3194381
1915,113.3855426
1916,106.8855851
1917,100.7767846
1918,95.03936755
1919,89.63472652
1920,84.58962556
1921,79.8636559
1922,75.43355935
1923,71.28003134
1924,67.38591132
1925,63.73523631
1926,60.31297849
1927,57.10454927
1928,54.09689689
1929,51.26191028
1930,48.61673533
1931,46.13950882
1932,43.81692146
1933,41.63968331
1934,39.59852255
1935,37.68480934
1936,35.8908282
1937,34.20890838
1938,32.63142105
1939,31.15302668
1940,29.77776112
1941,28.03753994
1942,26.86676314
1943,25.77366683
1944,24.7481321
1945,23.76851273
1946,22.86636958
1947,22.02316592
1948,97.1014125
1949,91.68657421
1950,86.00222583
1951,80.62714921
1952,75.61188294
1953,70.89864026
1954,66.51616274
1955,62.38940257
1956,58.50987047
1957,54.88206606
1958,51.92374943
1959,49.52607759
1960,46.43257274
1961,44.18329389
1962,42.07627552
1963,39.4797583
1964,37.07198869
1965,34.79680189
1966,32.66832122
1967,30.7359817
1968,29.35504534
1969,27.62416056
1970,26.61208803
1971,25.55333947
1972,23.98469325
1973,22.54539298
1974,21.22861842
1975,19.93057282
1976,18.76028702
1977,17.61238714
1978,16.62480044
1979,15.64380597
1980,14.74587365
1981,14.39863155
1982,13.57846013
1983,12.76379249
1984,12.02313185
1985,11.33723472
1986,10.70135894
1987,10.06538511
1988,10.08199993
1989,10.10836105
1990,10.14441487
1991,9.51602783
1992,9.576887202
1993,9.005380363
1994,136.5601899
1995,128.6823517
1996,121.2986283
1997,114.3762626
1998,107.8865448
1999,101.8028719
2000,96.09911601
2001,90.75196987
2002,85.72980509
2003,80.99154644
2004,76.55592895
2005,72.39853756
2006,68.50085813
2007,64.84766561
2008,61.42210317
2009,58.21057589
2010,55.19983156
2011,52.37700876
2012,49.73111932
2013,47.23709103
2014,44.91006451
2015,42.73003964
2016,40.68664133
2017,38.77146236
2018,36.97541263
2019,35.29167851
2020,33.71317777
2021,32.23333332
2022,30.84604166
2023,29.53578905
2024,28.30712863
2025,27.15682892
2026,25.50104795
2027,24.52294078
2028,23.60740282
2029,22.74745403
2030,21.94369649
2031,21.19123629
2032,20.48605485
2033,297.4791556
2034,279.542507
2035,262.7293364
2036,246.967364
2037,232.1906399
2038,218.3377735
2039,205.3504612
2040,193.1751685
2041,181.7607691
2042,171.0597696
2043,161.0267702
2044,151.6210206
2045,142.803693
2046,134.5376983
2047,126.715981
2048,119.3719475
2049,112.487041
2050,105.9746218
2051,99.92436071
2052,94.2545465
2053,88.93966512
2054,83.95645689
2055,79.28551861
2056,74.90519453
2057,70.79933515
2058,66.95021698
2059,63.34041175
2060,59.95697629
2061,56.78456111
2062,53.81111632
2063,51.02306738
2064,48.41015345
2065,45.99261608
2066,43.69097341
2067,41.53544035
2068,39.51424616
2069,37.708328
2070,36.23497416
2071,34.85433689
2072,392.5065797
2073,368.4995018
2074,345.9933038
2075,324.4605695
2076,304.7048673
2077,285.7650978
2078,268.1311264
2079,293.6982782
2080,275.9160386
2081,259.2462445
2082,243.612882
2083,228.9621602
2084,215.227803
2085,202.3491556
2086,190.2774167
2087,178.9609184
2088,168.3492013
2089,158.3478971
2090,149.0245563
2091,140.2812923
2092,132.0893018
2093,124.4096233
2094,116.9682926
2095,110.2319271
2096,103.9178345
2097,97.99511563
2098,92.44407368
2099,87.23940241
2100,82.35990504
2101,77.78979292
2102,73.51021558
2103,69.49829933
2104,65.73712785
2105,62.21134208
2106,58.90554292
2107,55.80680065
2108,52.90097284
2109,50.17725926
2110,47.62377777
2111,45.02182639
2112,42.78787196
2113,40.69648413
2114,38.73567609
2115,36.89691856
2116,35.17352087
2117,33.55796054
2118,170.9274908
2119,160.8244948
2120,151.3556931
2121,142.4783095
2122,134.1560124
2123,126.3755116
2124,119.1359657
2125,112.3491415
2126,105.9864312
2127,100.0212654
2128,94.42417243
2129,89.18108526
2130,84.26612854
2131,79.65841912
2132,75.33887904
2133,71.28918521
2134,67.49259724
2135,63.93329603
2136,60.59657614
2137,57.46852624
2138,54.52697946
2139,51.77734185
2140,49.2003691
2141,46.78433214
2142,44.51929749
2143,42.38061223
2144,40.3630323
2145,38.47230806
2146,36.69905964
2147,35.03727119
2148,33.47871258
2149,32.01819582
2150,30.10564191
2151,28.85312957
2152,27.68064231
2153,26.58231744
2154,25.55219343
2155,24.58727162
2156,23.68177548
2157,157.4774423
2158,148.2212966
2159,138.9925767
2160,130.3849087
2161,122.8206783
2162,115.2441845
2163,108.054416
2164,413.0686886
2165,387.83509
2166,364.1820358
2167,341.9809155
2168,321.1925597
2169,301.7045386
2170,283.4341994
2171,266.3063258
2172,250.2482499
2173,235.1945606
2174,221.0765395
2175,207.8452002
2176,195.4418266
2177,183.8100944
2178,172.9086649
2179,162.6907205
2180,152.8636061
2181,143.8975543
2182,135.4940058
2183,127.6154915
2184,120.2296413
2185,113.3026499
2186,106.8089704
2187,100.7223958
2188,95.01773915
2189,89.66849156
2190,84.65382195
2191,79.95275669
2192,75.54507051
2193,71.41287166
2194,67.53761579
2195,63.90412591
2196,60.18910415
2197,57.0154032
2198,54.04192661
2199,51.25460481
2200,48.64111562
2201,46.14058756
2202,43.77620362
2203,162.7937256
2204,153.0908261
2205,144.0402397
2206,135.556815
2207,127.6037919
2208,120.1474507
2209,113.1577628
2210,106.6048054
2211,100.4608384
2212,94.6692513
2213,89.27032587
2214,84.21039578
2215,79.46595438
2216,75.018735
2217,70.84971684
2218,66.94031788
2219,63.27607579
2220,59.84078633
2221,56.62020246
2222,53.59683564
2223,50.76581119
2224,48.11235077
2225,45.62422468
2226,43.44179397
2227,41.45466796
2228,39.57236232
2229,37.82588829
2230,36.18931888
2231,34.65509756
2232,33.21720257
2233,31.86962047
2234,30.0832553
2235,28.92853796
2236,27.84755294
2237,26.834692
2238,25.88544736
2239,24.99534301
2240,24.08474518
2241,23.30524722
2242,410.4218012
2243,385.2990567
2244,361.2546781
2245,338.7745177
2246,317.7017423
2247,298.3697584
2248,279.8033429
2249,529.963134
2250,497.3668131
2251,466.8031304
2252,438.1488028
2253,411.2866207
2254,386.1034499
2255,362.4941649
2256,340.3607101
2257,319.6104713
2258,299.9983724
2259,281.7674047
2260,264.6785599
2261,248.6584555
2262,233.6394201
2263,219.5592063
2264,206.3591865
2265,193.9837304
2266,182.3819278
2267,171.5053629
2268,161.2371457
2269,151.6785047
2270,142.7207787
2271,134.3165356
2272,126.4437452
2273,119.0633166
2274,112.1407274
2275,105.6991889
2276,99.66870487
2277,94.01161914
2278,88.68098323
2279,83.71050511
2280,79.04818882
2281,74.42444785
2282,70.34507264
2283,66.51877643
2284,62.93700568
2285,59.57858866
2286,56.39257965
2287,53.44056425
2288,269.170022
2289,252.9800068
2290,237.8579855
2291,223.6807711
2292,210.3866952
2293,197.8810059
2294,186.1999152
2295,175.2508928
2296,164.9871911
2297,155.3644639
2298,146.3436641
2299,137.8773448
2300,129.9170455
2301,122.4842718
2302,115.5169145
2303,108.9610796
2304,102.8385538
2305,97.0998039
2306,91.72010088
2307,86.67713624
2308,81.95756522
2309,77.58738406
2310,73.49021423
2311,69.64218
2312,66.04052292
2313,62.6324694
2314,59.46735673
2315,56.5028761
2316,53.72273107
2317,51.11728954
2318,48.67468811
2319,46.38462427
2320,43.81493942
2321,41.82642238
2322,39.96318764
2323,38.21715508
2324,36.58018706
2325,35.04590453
2326,33.67159105
2327,467.7075402
2328,438.9379787
2329,411.9676328
2330,386.681871
2331,362.9777888
2332,340.7537048
2333,319.9194385
2334,405.2498139
2335,380.3831033
2336,357.0720621
2337,335.218086
2338,314.7311154
2339,295.5237609
2340,277.5168036
2341,260.6479062
2342,244.8379259
2343,230.0169514
2344,216.1202183
2345,203.0909061
2346,190.8780508
2347,179.359499
2348,168.6280442
2349,158.5698748
2350,149.1400215
2351,140.2992841
2352,132.0112177
2353,124.241343
2354,116.9575924
2355,110.1280067
2356,103.7257702
2357,97.68217347
2358,92.05373901
2359,86.78114421
2360,81.83771159
2361,77.20425045
2362,72.85968618
2363,68.78146969
2364,64.96320422
2365,61.38389285
2366,58.01254538
2367,54.86540018
2368,51.92756267
2369,49.17838861
2370,46.60110043
2371,44.18501777
2372,41.91987777
2373,126.7178993
2374,119.1347667
2375,111.8959202
2376,105.437071
2377,99.41295545
2378,93.76709712
2379,87.96832716
2380,83.33891782
2381,78.36053407
2382,73.96763958
2383,69.50496072
2384,65.33251178
2385,61.81511869
2386,58.0331946
2387,55.83516855
2388,52.91210941
2389,49.68977618
2390,47.15030406
2391,52.13777116
2392,49.44517436
2393,46.92261485
2394,44.55821531
2395,42.34134074
2396,40.26371528
2397,38.31537196
2398,36.4886126
2399,34.7722757
2400,33.17732097
2401,31.68273841
2402,30.28099782
2403,28.96768545
2404,27.73626761
2405,26.58187589
2406,24.96463364
2407,23.44946904
2408,22.05981473
2409,21.25813186
2410,20.02387362
2411,18.87488152
2412,17.76370142
2413,16.70747008
2414,15.7730032
2415,14.8353155
2416,14.48378884
2417,13.65830204
2418,12.86997066
2419,508.45816
2420,477.2563375
2421,448.0092192
2422,420.6057055
2423,394.9150364
2424,370.8310411
2425,348.2515385
2426,327.0830673
2427,307.2291951
2428,288.6236204
2429,271.1820191
2430,254.8312749
2431,239.5016952
2432,225.1302142
2433,211.6570133
2434,199.026332
2435,187.1443112
2436,176.0439793
2437,165.6392375
2438,155.8839102
2439,146.7387908
2440,138.1656858
2441,130.1277054
2442,122.5919113
2443,115.5293127
2444,108.9102723
2445,102.705172
2446,96.88839734
2447,91.43453918
2448,86.32148464
2449,81.52805852
2450,77.03428403
2451,72.29012044
2452,68.36984208
2453,64.69708112
2454,61.25474272
2455,58.02773796
2456,55.00336545
2457,52.15644678
2458,522.0280855
2459,489.7143441
2460,459.3776976
2461,431.0674665
2462,404.3836873
2463,379.3558874
2464,356.0478944
2465,334.0634635
2466,313.4578721
2467,294.1009356
2468,276.0725646
2469,259.0689044
2470,243.2766603
2471,228.3072441
2472,214.4406108
2473,201.3040865
2474,188.962088
2475,177.5341381
2476,166.6958239
2477,156.5114043
2478,147.1193721
2479,138.1629808
2480,129.9497876
2481,122.0573078
2482,114.6757955
2483,107.7457527
2484,101.4745112
2485,95.37361122
2486,89.83162857
2487,84.43153373
2488,79.32482676
2489,74.4291987
2490,69.87435295
2491,65.6563795
2492,61.67795995
2493,58.39966384
2494,54.86228902
2495,51.57350706
2496,48.47239898
2497,45.56179071
2498,42.79260241
2499,40.62802309
2500,114.988223
2501,108.5580077
2502,102.4789864
2503,96.84266085
2504,91.56028622
2505,86.70955305
2506,82.19042821
2507,77.95481117
2508,73.94073269
2509,70.21827717
2510,66.73054457
2511,63.46098276
2512,59.83595606
2513,56.99404908
2514,54.27589324
2515,51.78218463
2516,49.44658282
2517,47.25669917
2518,45.20462769
2519,43.24867874
2520,41.37330993
2521,39.61451972
2522,37.96490391
2523,36.41983353
2524,34.9708231
2525,33.61206332
2526,32.33910797
2527,31.14501789
2528,30.02324594
2529,28.97452918
2530,27.99091277
2531,27.06883489
2532,26.20363688
2533,25.39158318
2534,24.4402134
2535,23.73692923
2536,23.08110726
2537,22.46507973
2538,62.19094974
2539,59.27945289
2540,56.55148014
2541,53.99582513
2542,51.60027356
2543,49.35362451
2544,46.73146048
2545,44.12392476
2546,41.73780446
2547,39.45155279
2548,37.34265713
2549,35.29997717
2550,33.47948554
2551,31.67931631
2552,30.05087293
2553,28.48049198
2554,28.22800984
2555,27.47396062
2556,26.11528947
2557,24.78619499
2558,23.54369669
2559,22.32526426
2560,21.33981024
2561,20.25539155
2562,19.49642263
2563,18.47834066
2564,18.15357631
2565,17.46290835
2566,16.59135852
2567,15.99426667
2568,15.19869445
2569,14.7143941
2570,14.01943891
2571,13.35835593
2572,12.68566701
2573,12.0152781
2574,11.80060794
2575,11.13922272
2576,11.17454908
2577,10.5739731
2578,10.01800256
2579,9.94166212
2580,9.439086015
2581,8.955483417
2582,8.549730981
2583,8.04342835
2584,7.544366856
2585,7.089934205
2586,7.29397304
2587,7.006002503
2588,6.603294013
2589,6.204303415
2590,7.109562229
2591,7.946186812
2592,7.49588347
2593,7.174460197
2594,6.780855046
2595,6.386815494
2596,6.185028415
2597,6.541040528
2598,6.763899106
2599,7.598204023
2600,7.78245516
2601,7.342690602
2602,7.43375855
2603,8.361016696
2604,8.024786486
2605,7.682070664
2606,7.358274581
2607,7.073278253
2608,6.779844196
2609,6.8315206
2610,6.554758896
2611,6.290794798
2612,6.113390957
2613,6.284970689
2614,6.043993354
2615,5.850702103
2616,146.1979499
2617,137.8642864
2618,130.0596018
2619,122.7156197
2620,115.762581
2621,109.2434752
2622,103.132508
2623,381.8834207
2624,358.7292694
2625,337.0243082
2626,316.6767889
2627,297.6006076
2628,279.7172572
2629,262.9509216
2630,247.233239
2631,232.4970922
2632,218.6825239
2633,205.7318037
2634,193.5896215
2635,182.2070201
2636,171.5352619
2637,161.5247456
2638,152.1032059
2639,143.2706375
2640,134.9901046
2641,127.227105
2642,119.9494179
2643,113.1265237
2644,106.7306924
2645,100.733781
2646,95.10848916
2647,89.83784054
2648,84.89660745
2649,80.26413893
2650,75.92132469
2651,71.85006134
2652,68.03318945
2653,64.45487205
2654,61.10019949
2655,57.41638147
2656,54.49967707
2657,51.73986392
2658,49.14673354
2659,46.7157988
2660,44.43767943
2661,42.30118558
2662,435.030924
2663,408.5879704
2664,383.1725764
2665,359.3302696
2666,336.9626624
2667,315.9919127
2668,296.3214598
2669,278.3461394
2670,261.6959571
2671,245.4435639
2672,230.6802995
2673,216.9404891
2674,203.6266877
2675,190.9686864
2676,179.0851227
2677,168.0575247
2678,158.0942003
2679,148.2182919
2680,139.1217528
2681,130.9892266
2682,123.5525666
2683,115.9317604
2684,108.7658795
2685,102.0789287
2686,95.79553734
2687,89.88797598
2688,84.51914415
2689,79.40698931
2690,74.91362886
2691,71.48804789
2692,67.87646157
2693,63.85298133
2694,60.92231583
2695,58.45612248
2696,55.65371899
2697,53.03091016
2698,49.94220745
2699,47.00423615
2700,44.48611028
2701,42.56227005
2702,40.10967678
2703,38.09816226
2704,36.2151799
2705,34.76975893
2706,33.08555178
2707,31.51073951
2708,124.7383461
2709,117.7592967
2710,111.2183059
2711,105.086634
2712,99.33793466
2713,93.94697346
2714,88.8939404
2715,84.15804135
2716,79.71851098
2717,75.55563183
2718,71.66196039
2719,68.03017815
2720,64.62844479
2721,61.43994477
2722,58.4509135
2723,55.64793974
2724,53.02078378
2725,50.55795007
2726,48.24885597
2727,46.08420525
2728,44.0342827
2729,42.12978586
2730,40.34713953
2731,38.67622108
2732,37.10967254
2733,35.59322079
2734,34.17760977
2735,32.74109249
2736,31.54236449
2737,30.42093198
2738,29.37002651
2739,28.38511513
2740,27.16544822
2741,26.31563548
2742,25.52062354
2743,24.77679985
2744,24.07946513
2745,23.42583884
2746,86.94141141
2747,81.77612876
2748,76.77392626
2749,72.36868087
2750,557.0173328
2751,523.0519022
2752,491.2113736
2753,461.3611906
2754,433.3761995
2755,407.1408398
2756,382.5451276
2757,359.4859529
2758,337.8687962
2759,317.5972742
2760,298.5975348
2761,280.7848972
2762,264.0866189
2763,248.431983
2764,233.7550674
2765,219.9974799
2766,207.106054
2767,195.0087868
2768,183.6785987
2769,173.0570405
2770,163.0999615
2771,153.7647556
2772,145.013757
2773,136.8041333
2774,129.1117916
2775,121.9008533
2776,115.1402791
2777,108.8029978
2778,102.861984
2779,97.29146419
2780,92.06979629
2781,87.10623957
2782,81.8865996
2783,77.55630518
2784,73.50053611
2785,69.69712066
2786,66.09036312
2787,62.74733348
2788,59.61181263
2789,512.9088243
2790,481.7029256
2791,451.7876455
2792,424.5799524
2793,398.8912957
2794,374.3819994
2795,351.1359022
2796,329.6033667
2797,309.821316
2798,290.9219559
2799,274.2868615
2800,257.9624049
2801,242.3740323
2802,227.3042456
2803,213.2930775
2804,200.1164198
2805,188.4219839
2806,176.8310821
2807,166.2406673
2808,156.0137783
2809,146.4280769
2810,137.7885443
2811,129.35792
2812,121.4470639
2813,114.3136363
2814,108.0256382
2815,101.7851816
2816,95.63415641
2817,90.04697996
2818,84.62064788
2819,79.54971156
2820,74.8020282
2821,70.56798477
2822,66.36196489
2823,62.24157819
2824,58.63093789
2825,55.16429594
2826,51.92007605
2827,49.12366852
2828,46.38268924
2829,43.79589616
2830,41.39715265
2831,39.13033061
2832,37.00962245
2833,35.04445854
2834,33.19474238
2835,405.5993835
2836,381.2251026
2837,358.3776587
2838,336.957805
2839,316.8771297
2840,298.0516216
2841,280.4926105
2842,264.045621
2843,248.6268183
2844,234.1712532
2845,220.6195985
2846,207.9146097
2847,196.0036827
2848,184.8372512
2849,174.3689716
2850,164.5548345
2851,155.3543309
2852,146.7289839
2853,138.7015612
2854,131.1856998
2855,124.1396422
2856,117.5337131
2857,111.3408422
2858,105.5325881
2859,100.0897875
2860,94.98709939
2861,90.20244735
2862,85.717718
2863,81.51397868
2864,77.51786196
2865,73.7313567
2866,69.68643857
2867,66.38645977
2868,63.27054215
2869,60.37248743
2870,57.60231807
2871,55.04933986
2872,52.66561723
2873,174.5195578
2874,164.3798771
2875,154.8768015
2876,145.9683
2877,137.6160729
2878,129.7861725
2879,122.4449534
2880,115.562623
2881,109.1111952
2882,103.0562871
2883,97.33012335
2884,92.0158448
2885,87.03171561
2886,82.36246256
2887,78.00498226
2888,73.93018475
2889,70.1121871
2890,66.53550179
2891,63.17710237
2892,60.03367236
2893,57.08714423
2894,54.32052411
2895,51.73088024
2896,49.30201967
2897,47.02265733
2898,44.88919263
2899,42.88931948
2900,41.01055646
2901,39.25284807
2902,37.60518395
2903,36.05087385
2904,34.58849979
2905,32.79090605
2906,31.52309248
2907,30.3438992
2908,29.23827355
2909,28.19938146
2910,27.21185067
2911,26.301235
2912,454.7401092
2913,426.8123107
2914,400.2382705
2915,375.3687952
2916,352.3994539
2917,330.5364672
2918,310.3571463
2919,291.1927413
2920,273.0914241
2921,256.2990018
2922,240.5383559
2923,225.9889795
2924,213.1221474
2925,200.6070687
2926,188.59412
2927,177.6166194
2928,166.5886502
2929,156.6991651
2930,147.4227728
2931,138.2781065
2932,129.7714818
2933,122.1874447
2934,115.078535
2935,108.4137446
2936,101.7225175
2937,95.88740877
2938,89.99514016
2939,85.17595085
2940,79.95508586
2941,75.48438605
2942,71.64518137
2943,67.19111448
2944,63.76842677
2945,59.98309454
2946,56.76014419
2947,53.34057962
2948,50.52897395
2949,48.87098252
2950,46.41000445
2951,100.3388167
2952,94.71976563
2953,89.45434972
2954,84.51751536
2955,79.88954565
2956,75.55069905
2957,71.48303036
2958,67.66971596
2959,64.09442121
2960,60.74346433
2961,57.60137281
2962,54.65553701
2963,51.89381595
2964,49.30445245
2965,46.87661167
2966,44.60164289
2967,42.46829021
2968,40.46839707
2969,38.59349725
2970,36.87201479
2971,35.27152775
2972,33.77200171
2973,32.36701549
2974,31.04214647
2975,29.8066512
2976,28.64867995
2977,27.55720689
2978,26.53764535
2979,25.57861196
2980,24.6469001
2981,23.80972579
2982,23.02606237
2983,21.87107236
2984,21.20763729
2985,20.58742384
2986,20.0054668
2987,19.46088901
2988,18.95413901
2989,18.49168587
2990,537.6708166
2991,504.7606545
2992,473.9096969
2993,444.9899867
2994,417.8768139
2995,392.4589089
2996,368.6298729
2997,346.2891447
2998,325.345469
2999,305.711648
3000,287.3041839
3001,270.0478808
3002,253.8694646
3003,238.7583869
3004,224.6139739
3005,211.3536491
3006,198.9219697
3007,187.2673327
3008,176.3412355
3009,166.0978944
3010,156.4947621
3011,147.4918881
3012,139.0516312
3013,131.1388903
3014,123.7205708
3015,116.7651462
3016,110.2448732
3017,104.1326172
3018,98.40231478
3019,93.03015622
3020,87.50436173
3021,82.83006135
3022,78.47158529
3023,74.38702093
3024,70.54124185
3025,66.95100451
3026,63.58616395
3027,586.4107926
3028,549.859125
3029,515.9652422
3030,484.5728659
3031,454.721291
3032,426.4827936
3033,400.0438899
3034,375.4645704
3035,352.0921805
3036,330.3700026
3037,310.1941135
3038,291.2320162
3039,273.8406679
3040,257.1968484
3041,241.2180107
3042,226.5723572
3043,212.6123002
3044,199.4896842
3045,187.5321206
3046,176.5830158
3047,166.1187093
3048,155.785283
3049,146.0875709
3050,137.0134658
3051,129.1480478
3052,121.1449892
3053,113.7502954
3054,106.6843325
3055,100.7028812
3056,94.8882289
3057,89.34465209
3058,84.05973634
3059,79.09537087
3060,74.52422269
3061,70.17908377
3062,66.04657159
3063,62.31272337
3064,58.87092816
3065,55.56506459
3066,52.38262306
3067,49.48102856
3068,46.64740177
3069,43.98769611
3070,41.48603455
3071,39.26902544
3072,37.0900308
3073,35.01891082
3074,33.1821525
3075,31.38283741
3076,29.65779202
3077,28.16842307
3078,27.31302858
3079,25.98195735
3080,24.75645307
3081,23.46403586
3082,22.42670723
3083,21.31705192
3084,20.40440979
3085,19.37496056
3086,18.47647692
3087,17.84837072
3088,16.93479894
3089,16.28736012
3090,15.471539
3091,14.93142892
3092,14.8462285
3093,14.98466561
3094,15.0170754
3095,14.5733693
3096,13.90242261
3097,13.4169448
3098,13.51171214
3099,13.71071624
3100,13.10737287
3101,12.52330095
3102,12.66304603
3103,12.91452927
3104,12.4908573
3105,11.96175511
3106,12.1046593
3107,12.39928476
3108,11.84803085
3109,11.53289004
3110,11.0829733
3111,13.15855135
3112,12.70581551
3113,12.96681315
3114,12.56649149
3115,12.11863439
3116,11.75045585
3117,11.46722597
3118,11.3727049
3119,10.74356362
3120,10.56093812
3121,10.59296976
3122,9.934242487
3123,9.402130109
3124,8.848649755
3125,8.384393868
3126,7.982834529
3127,8.169817093
3128,8.350231302
3129,7.877182124
3130,7.422504074
3131,7.029000347
3132,7.288160048
3133,7.524677823
3134,7.561982681
3135,7.100199041
3136,6.735158823
3137,6.351829452
3138,5.998215112
3139,5.693639167
3140,5.358536719
3141,5.625753174
3142,5.883074156
3143,6.944382022
3144,6.570608145
3145,6.756820136
3146,6.942386933
3147,6.54642525
3148,6.177586172
3149,5.814487036
3150,5.525331596
3151,5.960442816
3152,5.60666514
3153,5.287498569
3154,5.017342408
3155,5.311383508
3156,5.711366483
3157,5.950031078
3158,5.64903608
3159,5.376061603
3160,5.24102303
3161,4.978486869
3162,5.411421717
3163,5.633742582
3164,5.355911448
3165,5.062507261
3166,4.833440835
3167,4.609621616
3168,4.897742487
3169,5.325286359
3170,5.568990684
3171,5.265206544
3172,499.5300339
3173,468.8889415
3174,440.1604799
3175,413.2324846
3176,387.9881141
3177,364.3178916
3178,342.1303706
3179,321.3305141
3180,301.8330167
3181,283.5668351
3182,266.4416579
3183,250.3846238
3184,235.3328973
3185,221.2223412
3186,207.9915143
3187,195.5897947
3188,183.9640019
3189,173.0611268
3190,162.8434383
3191,153.2639109
3192,144.036361
3193,135.6168384
3194,127.7379179
3195,120.3517981
3196,113.4274357
3197,106.9347279
3198,100.8489324
3199,95.14438108
3200,89.79573226
3201,84.78175594
3202,80.07515314
3203,75.66075468
3204,71.20832557
3205,67.34460383
3206,63.7257397
3207,60.33249208
3208,57.15219744
3209,54.17098371
3210,51.37666528
3211,520.5785195
3212,488.4206537
3213,458.2066337
3214,429.8983858
3215,403.3628408
3216,378.4556147
3217,354.9345207
3218,333.1088631
3219,312.5791911
3220,293.6100473
3221,275.6334193
3222,258.5842125
3223,242.7565118
3224,227.9499103
3225,214.0115479
3226,200.8470761
3227,188.5777519
3228,177.0030869
3229,166.3338314
3230,156.3029809
3231,146.8006348
3232,137.9539424
3233,129.6291057
3234,121.8921338
3235,114.3680977
3236,107.6181819
3237,101.1756427
3238,95.22606782
3239,90.21059136
3240,84.81515162
3241,80.97498937
3242,76.31701781
3243,71.68267642
3244,67.69971748
3245,63.64241569
3246,59.72613277
3247,56.47762447
3248,53.77770349
3249,50.43072203
3250,48.51105884
3251,46.31098572
3252,43.85736161
3253,41.94883207
3254,40.16139812
3255,38.37218574
3256,36.42655607
3257,78.19264632
3258,74.13828648
3259,70.33769219
3260,66.76175309
3261,63.41650463
3262,60.27995226
3263,57.33849691
3264,54.58175752
3265,51.99825879
3266,49.57547178
3267,47.22123396
3268,45.09601795
3269,43.10399599
3270,41.23666291
3271,39.48710759
3272,37.84620503
3273,36.30785888
3274,34.86641631
3275,33.49512641
3276,32.18554212
3277,30.95875129
3278,29.79288489
3279,28.7147532
3280,27.70488668
3281,26.75576181
3282,25.86763781
3283,25.0356535
3284,24.25484877
3285,23.52378878
3286,22.83823254
3287,22.19476661
3288,21.07146176
3289,20.53686345
3290,20.0369206
3291,19.56935612
3292,19.1135283
3293,18.68353695
3294,18.28048256
3295,31.73443851
3296,30.52195277
3297,28.90219183
3298,27.20872151
3299,26.0036278
3300,25.14750523
3301,24.10655004
3302,23.1217865
3303,22.44602901
3304,21.16576331
3305,20.35561143
3306,19.20162183
3307,18.0039163
3308,17.09119236
3309,16.71978451
3310,15.81719381
3311,15.30266086
3312,15.15601539
3313,14.38222276
3314,14.17881301
3315,13.76936636
3316,13.40101013
3317,13.37365533
3318,13.35019771
3319,12.71014368
3320,12.05640554
3321,11.53777602
3322,11.41283169
3323,10.91773804
3324,10.32200441
3325,9.961059693
3326,10.45650041
3327,9.980844132
3328,10.18928443
3329,10.75920415
3330,10.90537195
3331,10.67748065
3332,10.22882561
3333,10.06396845
3334,9.625907922
3335,9.218531732
3336,8.734380443
3337,8.619294165
3338,8.561595225
3339,8.865808023
3340,8.547285299
3341,8.202232746
3342,8.147447366
3343,7.831572183
3344,8.416696144
3345,8.737992913
3346,8.635153078
3347,8.927546288
3348,8.603345479
3349,469.5518586
3350,441.0530202
3351,414.3375467
3352,389.2917903
3353,365.8106368
3354,343.7801942
3355,323.0160501
3356,303.5492206
3357,285.2993874
3358,268.1894812
3359,252.1501317
3360,237.1122346
3361,223.014963
3362,209.7988958
3363,197.4087079
3364,185.7922748
3365,174.9026882
3366,164.6936382
3367,155.1227789
3368,146.1485288
3369,137.7363638
3370,129.8501466
3371,122.457068
3372,115.5092652
3373,108.9005611
3374,102.704776
3375,96.89522057
3376,91.44933178
3377,86.3428041
3378,81.55662884
3379,77.06990204
3380,72.86240122
3381,68.39200114
3382,64.72568163
3383,61.29076403
3384,58.06971627
3385,55.04991456
3386,52.2198574
3387,49.56649132
3388,481.2352106
3389,451.2009058
3390,423.5637033
3391,397.1809927
3392,372.9203473
3393,349.700659
3394,327.9165761
3395,307.4953734
3396,288.3704334
3397,270.4348647
3398,253.6262065
3399,237.8693394
3400,223.0914015
3401,209.7112306
3402,196.688612
3403,184.4892196
3404,173.0975392
3405,162.3392763
3406,152.4002799
3407,143.4331791
3408,135.0330845
3409,126.6678501
3410,118.9326928
3411,111.7591287
3412,105.172454
3413,98.86659919
3414,92.91185341
3415,87.5031959
3416,82.26691283
3417,77.52375161
3418,72.9377463
3419,68.77628299
3420,64.72581391
3421,60.93961721
3422,57.52891197
3423,54.18052164
3424,51.0496557
3425,48.25738555
3426,45.48659757
3427,42.88510189
3428,40.60224135
3429,38.31795543
3430,36.32110405
3431,34.30157672
3432,32.55355456
3433,30.77624907
3434,419.6116502
3435,393.7828804
3436,369.5709712
3437,346.8714938
3438,325.5901018
3439,305.6404288
3440,286.9373603
3441,269.4028586
3442,252.9619925
3443,237.5373749
3444,223.0770459
3445,209.5204875
3446,196.810964
3447,184.8952857
3448,173.6687748
3449,163.1973583
3450,153.3829678
3451,144.1817893
3452,135.5559969
3453,127.469379
3454,119.8883623
3455,112.781791
3456,106.1186235
3457,99.87202901
3458,93.98109664
3459,88.49209755
3460,83.3477234
3461,78.52462263
3462,74.00140316
3463,69.76225991
3464,65.78837561
3465,62.06292157
3466,58.23941953
3467,54.98021276
3468,51.9267689
3469,49.06322779
3470,46.3803455
3471,43.86676835
3472,41.51047727
3473,190.8287669
3474,179.3467745
3475,168.5844692
3476,158.4948079
3477,149.0368199
3478,140.1691992
3479,131.8558673
3480,124.0621187
3481,116.7554793
3482,109.9055049
3483,103.4838414
3484,97.46403881
3485,91.81965444
3486,86.5281691
3487,81.56733908
3488,76.91662345
3489,72.55633448
3490,68.44198024
3491,64.57409953
3492,60.95334331
3493,57.56007186
3494,54.37912986
3495,51.3965523
3496,48.59508028
3497,45.97420027
3498,43.51505581
3499,41.20380232
3500,39.04406467
3501,37.02012313
3502,35.12311544
3503,33.34385128
3504,31.67679807
3505,29.80168569
3506,28.35282339
3507,26.99739693
3508,25.72618462
3509,24.53479808
3510,23.41742876
3511,22.37040196
3512,532.6610991
3513,500.0869818
3514,469.5601982
3515,440.264415
3516,413.2590349
3517,387.5180743
3518,364.0470489
3519,341.3226291
3520,321.1536732
3521,301.6805477
3522,283.0461802
3523,265.4321411
3524,248.987424
3525,234.0194183
3526,220.0890588
3527,206.7723885
3528,193.9747601
3529,182.1757334
3530,170.9837917
3531,160.5028256
3532,150.6257392
3533,141.4151583
3534,133.0444331
3535,125.5768089
3536,118.1276125
3537,110.955602
3538,104.6179741
3539,98.29031596
3540,92.99619899
3541,87.64354072
3542,82.3649097
3543,77.40263063
3544,72.73874399
3545,68.62810721
3546,64.34676718
3547,60.60474701
3548,57.24242254
3549,53.84630586
3550,50.76043952
3551,48.01300927
3552,45.27972397
3553,42.89452594
3554,40.41638196
3555,38.75062198
3556,36.74293727
3557,34.60376758
3558,67.02594877
3559,64.35265336
3560,61.84850142
3561,59.50024091
3562,57.29898974
3563,55.42224038
3564,53.76491286
3565,52.17197386
3566,50.6091005
3567,49.26658727
3568,48.00935612
3569,46.72045886
3570,45.5250413
3571,44.33574705
3572,43.22185314
3573,42.17651509
3574,41.19669123
3575,40.27892581
3576,39.41845822
3577,38.61113792
3578,37.73836541
3579,36.6364259
3580,34.55217012
3581,34.18838865
3582,32.90157964
3583,31.43652258
3584,29.67051075
3585,27.96818716
3586,26.4146338
3587,24.80934419
3588,23.34587823
3589,22.0078164
3590,21.10582787
3591,19.88101918
3592,19.19226799
3593,18.08480679
3594,17.02562442
3595,16.0950229
3596,15.64384091
3597,14.73252446
3598,14.54105419
3599,13.6802383
3600,13.4332234
3601,12.63552889
3602,11.93849583
3603,11.25515234
3604,10.59126782
3605,9.994376082
3606,9.959790077
3607,9.362490697
3608,8.825272528
3609,10.80234577
3610,11.19667138
3611,10.50946276
3612,11.13334356
3613,10.44711375
3614,9.829884419
3615,9.241919421
3616,8.69432029
3617,8.19789055
3618,7.881015446
3619,7.697715869
3620,7.637157239
3621,7.580626578
3622,7.460476306
3623,7.142085426
3624,6.952343975
3625,6.784086366
3626,6.772504579
3627,6.636493876
3628,7.27969912
3629,7.043481814
3630,6.805215589
3631,6.516507671
3632,6.607545386
3633,6.292566855
3634,6.077080037
3635,5.774193091
3636,5.951812967
3637,5.709685767
3638,5.462573463
3639,5.262218177
3640,5.44740593
3641,5.250609726
3642,4.977523007
3643,5.466573652
3644,5.84821141
3645,6.196587086
3646,6.41077956
3647,6.054619726
3648,5.719469882
3649,5.411961348
3650,5.089665152
3651,4.820262469
3652,4.592398843
3653,4.388950304
3654,4.202022854
3655,4.006285315
3656,4.347198038
3657,4.13863705
3658,3.965604179
3659,3.799642806
3660,3.628484575
3661,4.050509845
3662,3.86441548
3663,4.211764512
3664,4.01165423
3665,3.828863341
3666,3.656691326
3667,3.496210618
3668,3.433072455
3669,3.301380426
3670,3.15123165
3671,3.015779672
3672,3.237244831
3673,3.19702814
3674,3.187574993
3675,3.227900167
3676,3.161455017
3677,3.440065468
3678,3.516047487
3679,4.48059313
3680,5.321257448
3681,5.365380247
3682,5.53112037
3683,5.396397569
3684,5.43419911
3685,5.434263055
3686,5.376482725
3687,5.387001166
3688,5.480702482
3689,5.464214132
3690,5.45293686
3691,5.544329695
3692,5.530697978
3693,5.514202966
3694,5.620801391
3695,5.787015193
3696,5.672153133
3697,5.592594951
3698,5.693974433
3699,5.61367742
3700,5.780621192
3701,7.224158757
3702,7.854822445
3703,7.803757154
3704,7.582105665
3705,7.32030045
3706,7.289955283
3707,392.473222
3708,368.990222
3709,346.9500831
3710,326.2885224
3711,306.9179272
3712,288.7586262
3713,271.7337121
3714,255.772987
3715,240.8094878
3716,226.7768393
3717,213.6243493
3718,201.2955219
3719,189.7371768
3720,178.9016727
3721,168.7630196
3722,159.2615669
3723,150.3534551
3724,142.0021628
3725,134.1723262
3726,126.8324169
3727,119.951377
3728,113.500527
3729,107.4249177
3730,101.7552909
3731,96.44150884
3732,91.45965065
3733,86.7264086
3734,82.20704278
3735,77.96906788
3736,73.94472336
3737,70.21896288
3738,66.72531242
3739,62.95407067
3740,59.91228848
3741,57.06793017
3742,54.40190675
3743,51.89987786
3744,49.55685772
3745,47.35915133
3746,392.1564266
3747,368.3498513
3748,345.8673537
3749,324.2938455
3750,304.7252996
3751,285.7530239
3752,268.1131613
3753,251.3624082
3754,235.677209
3755,220.9871196
3756,207.2925218
3757,194.4797184
3758,182.8617013
3759,171.5218241
3760,161.5908143
3761,151.6187981
3762,142.9344774
3763,134.5365309
3764,126.666213
3765,118.8777413
3766,111.5384797
3767,104.6818664
3768,98.21097892
3769,92.60875801
3770,86.9525648
3771,81.63569617
3772,77.06911794
3773,72.31577723
3774,68.24320088
3775,64.04739666
3776,60.09522603
3777,56.39930913
3778,52.97333147
3779,49.75854687
3780,47.21011685
3781,44.35375538
3782,41.62522901
3783,39.12129108
3784,36.80366872
3785,35.04285609
3786,32.88632342
3787,30.97932404
3788,29.17526212
3789,27.37176657
3790,26.056052
3791,24.70447236
3792,23.25027617
3793,22.35917557
3794,21.03293543
3795,19.8054603
3796,18.66495237
3797,18.06087201
3798,17.01577584
3799,16.70830374
3800,16.22682642
3801,15.27510811
3802,14.37059441
3803,13.58292531
3804,12.79329803
3805,12.07584191
3806,11.38134484
3807,10.72419829
3808,10.64975534
3809,10.54514563
3810,9.924692087
3811,9.381586331
3812,8.80011913
3813,8.362986684
3814,7.900480572
3815,7.466388036
3816,7.09160684
3817,6.713874468
3818,6.372632314
3819,6.00839835
3820,5.702172064
3821,7.702202976
3822,8.092093068
3823,7.808003918
3824,7.553024507
3825,7.954988253
3826,7.63394732
3827,7.284658946
3828,7.063326095
3829,7.054590437
3830,6.713011868
3831,6.600594459
3832,7.920717028
3833,8.297630547
3834,8.256320304
3835,8.526960007
3836,22.14663612
3837,21.56592275
3838,21.02287202
3839,20.51376891
3840,20.0365403
3841,19.58970792
3842,19.17092756
3843,18.77781403
3844,18.40977705
3845,18.06486737
3846,17.7408201
3847,17.43765774
3848,17.15268607
3849,16.88640708
3850,16.63639553
3851,16.35541942
3852,15.97855293
3853,15.32961559
3854,15.01417434
3855,14.72082316
3856,14.31017449
3857,13.42575387
3858,12.59554703
3859,11.81179062
3860,11.75021342
3861,11.03829731
3862,10.99200095
3863,10.96290367
3864,10.92106941
3865,10.26816229
3866,9.643561873
3867,9.064498978
3868,8.57099557
3869,8.044648624
3870,7.726010863
3871,67.0568088
3872,63.53264019
3873,60.23466962
3874,57.13732916
3875,54.23925303
3876,51.52274416
3877,48.9717671
3878,46.58467054
3879,44.34682308
3880,42.24502858
3881,40.27803374
3882,38.43397607
3883,36.65217896
3884,35.03167472
3885,33.51557699
3886,32.08961037
3887,30.75814861
3888,29.50939627
3889,28.33500345
3890,27.23738518
3891,26.11840277
3892,25.05095399
3893,23.69097075
3894,22.76986147
3895,21.90432846
3896,21.10275932
3897,20.35185075
3898,19.64431147
3899,18.98430589
3900,18.36048816
3901,17.78047154
3902,17.23708096
3903,16.29346479
3904,15.34848435
3905,14.94578741
3906,14.57650209
3907,14.23310959
3908,13.91142913
3909,13.6086662
3910,448.4244787
3911,420.5299558
3912,394.9230835
3913,370.9186339
3914,348.4154692
3915,327.3179955
3916,307.5389958
3917,288.9964266
3918,271.6133374
3919,255.0212469
3920,240.0728217
3921,226.113569
3922,213.025957
3923,200.7492583
3924,189.2081658
3925,178.408329
3926,168.2809196
3927,158.8049732
3928,149.9032805
3929,141.578999
3930,133.7764227
3931,126.4610074
3932,119.6312708
3933,113.2646289
3934,107.2808396
3935,101.6859191
3936,96.44079912
3937,91.52356168
3938,86.91383907
3939,82.59285607
3940,78.54130257
3941,74.74303366
3942,71.09228156
3943,67.7573959
3944,64.4583781
3945,61.29622947
3946,58.33259707
3947,55.55362226
3948,488.0439792
3949,458.1168833
3950,430.0593489
3951,403.7563549
3952,379.096541
3953,355.9789725
3954,333.8300714
3955,313.5414836
3956,293.9565923
3957,275.6926942
3958,259.0502688
3959,243.0436409
3960,227.8546148
3961,215.0729027
3962,201.6634227
3963,189.6473199
3964,178.384536
3965,167.4019539
3966,157.5262554
3967,148.3230658
3968,139.6317353
3969,130.9548907
3970,123.0095295
3971,116.0985728
3972,108.8429606
3973,102.5973867
3974,96.22253613
3975,90.76605124
3976,85.10631192
3977,80.59509104
3978,75.59157841
3979,71.04052837
3980,67.46818979
3981,64.03316404
3982,60.41797323
3983,56.67889851
3984,53.16783541
3985,49.84590125
3986,47.26879631
3987,44.5761146
3988,41.92259355
3989,39.44061201
3990,37.04755987
3991,34.87195543
3992,32.81869433
3993,30.77234538
3994,28.9366849
3995,27.22080876
3996,25.60980683
3997,24.03943001
3998,22.6326323
3999,21.80741917
4000,21.17530964
4001,19.9349639
4002,19.99454949
4003,19.33568876
4004,18.7376596
4005,18.61463921
4006,17.92605065
4007,17.53540165
4008,17.41764043
4009,21.76893374
4010,21.13936149
4011,20.55157501
4012,19.82579602
4013,19.13855876
4014,18.49546134
4015,19.50137001
4016,18.66484688
4017,17.92191895
4018,17.35336152
4019,16.81490837
4020,16.31591409
4021,15.85035696
4022,15.40970965
4023,15.1439778
4024,14.74904169
4025,14.35697658
4026,72.9829711
4027,68.97309791
4028,65.21546679
4029,61.69350011
4030,58.39171886
4031,55.29629893
4032,52.39453025
4033,49.6740596
4034,47.12425032
4035,44.77976246
4036,42.64493703
4037,40.64360068
4038,38.76741036
4039,225.7936
4040,212.3427847
4041,199.7352704
4042,187.9159757
4043,176.8354495
4044,166.4283936
4045,156.6884037
4046,147.5590382
4047,139.0004455
4048,130.9767649
4049,123.4545643
4050,116.4026888
4051,109.791493
4052,103.5935594
4053,97.77386468
4054,92.32509536
4055,87.52664496
4056,83.07910465
4057,78.90959811
4058,75.00062323
4059,71.27233427
4060,67.83868838
4061,64.6220898
4062,61.60620919
4063,58.77875862
4064,56.1280862
4065,88.55494887
4066,84.20292429
4067,80.12372069
4068,76.29883537
4069,72.70644288
4070,69.34476936
4071,65.73086711
4072,62.81691014
4073,60.13195048
4074,57.65462024
4075,55.3331162
4076,53.15626866
4077,51.11710603
4078,326.671655
4079,307.1024543
4080,288.7587662
4081,271.5617461
4082,255.4397272
4083,240.3253346
4084,226.1028136
4085,212.7291725
4086,200.1918284
4087,188.4361308
4088,177.4174768
4089,167.0873011
4090,157.402574
4091,148.3233923
4092,139.8079719
4093,131.8235154
4094,124.3422054
4095,117.3269842
4096,110.7521519
4097,104.5886215
4098,98.81012435
4099,93.39272075
4100,88.31409237
4101,83.5471352
4102,79.07104342
4103,74.87501987
4104,70.94042835
4105,67.25213075
4106,63.79447674
4107,60.55223861
4108,57.51082787
4109,54.16581779
4110,51.51724585
4111,49.0417027
4112,46.72226295
4113,44.54435068
4114,42.50618293
4115,40.59558817
4116,464.4781139
4117,435.739954
4118,408.7588597
4119,383.7360212
4120,359.9674296
4121,337.68225
4122,316.8813871
4123,297.5605227
4124,279.7731983
4125,262.4565193
4126,246.6450285
4127,232.0394225
4128,217.757542
4129,204.6559247
4130,192.6744503
4131,181.2007138
4132,170.10044
4133,159.9910167
4134,150.0841615
4135,141.7143806
4136,133.4733776
4137,125.4070623
4138,117.8151418
4139,111.0372996
4140,104.3075795
4141,97.92533492
4142,92.0229251
4143,86.45240895
4144,81.55589728
4145,76.62982036
4146,71.98637326
4147,67.94605132
4148,63.94571478
4149,60.10478121
4150,56.51652405
4151,53.45125519
4152,50.28578091
4153,47.31377377
4154,44.8488643
4155,42.27900472
4156,39.64829609
4157,37.42318037
4158,36.00377326
4159,33.8316416
4160,32.58962233
4161,30.78672927
4162,29.07282952
4163,27.46036101
4164,25.96854678
4165,24.53641538
4166,23.49874359
4167,22.34678045
4168,24.93914834
4169,33.03493073
4170,31.93222673
4171,30.91464311
4172,29.05697792
4173,27.7587293
4174,27.00137122
4175,26.29253552
4176,25.6276826
4177,25.00520244
4178,24.42150229
4179,23.82203339
4180,23.30971881
4181,22.83154888
4182,22.38294513
4183,23.36649717
4184,22.36097999
4185,22.00246735
4186,21.76563953
4187,21.44996761
4188,67.97448353
4189,64.75612692
4190,61.7542301
4191,58.94057683
4192,56.30440883
4193,53.83218189
4194,465.1108094
4195,437.0755852
4196,410.7370486
4197,386.0442262
4198,362.8957745
4199,341.1939761
4200,320.8477832
4201,301.7645467
4202,283.882325
4203,267.1180478
4204,251.4024198
4205,236.6642061
4206,222.8509987
4207,209.8984988
4208,197.7489676
4209,186.2184766
4210,175.3815857
4211,165.2184935
4212,155.6971641
4213,146.7605358
4214,138.3928912
4215,130.5489744
4216,123.1945454
4217,116.3002752
4218,109.8373344
4219,103.7773829
4220,98.0963729
4221,92.76991904
4222,87.77718799
4223,83.07300263
4224,78.68438441
4225,74.53355483
4226,83.76888126
4227,79.31619424
4228,75.14386265
4229,71.23173235
4230,67.56461713
4231,64.12275912
4232,60.89857973
4233,119.4999046
4234,112.6441814
4235,106.2220034
4236,100.2009546
4237,94.55685325
4238,89.26525825
4239,84.30495044
4240,79.65453688
4241,75.29407971
4242,71.20659556
4243,67.35607917
4244,63.76253256
4245,60.39514511
4246,57.23903187
4247,54.27948127
4248,51.50584702
4249,48.90543992
4250,46.46755825
4251,44.1376692
4252,41.99710654
4253,39.99957905
4254,38.12733452
4255,36.37173028
4256,34.72629575
4257,33.18306893
4258,31.73591879
4259,30.37934053
4260,29.10811092
4261,27.91645815
4262,26.79934618
4263,25.75211621
4264,24.77027562
4265,23.2819945
4266,22.45203651
4267,21.6761384
4268,20.94879641
4269,20.2661008
4270,19.62676117
4271,19.02775526
4272,348.7091803
4273,327.6738357
4274,307.4009501
4275,288.2899324
4276,270.3721033
4277,253.6258885
4278,237.8728746
4279,224.2464728
4280,210.9872974
4281,197.950508
4282,185.6804554
4283,174.1861561
4284,163.4432991
4285,153.4030026
4286,144.0134052
4287,135.5658452
4288,127.3333271
4289,119.5012094
4290,112.4620366
4291,105.574569
4292,99.13468626
4293,93.13624059
4294,87.52632278
4295,82.72508733
4296,78.02679715
4297,73.96590705
4298,69.87113508
4299,66.31509886
4300,62.80661351
4301,59.04655433
4302,55.44887386
4303,52.16954841
4304,49.42865996
4305,46.41916038
4306,43.62837953
4307,40.99777247
4308,38.58507836
4309,36.29836513
4310,34.59505064
4311,32.51190164
4312,30.56588001
4313,29.15584584
4314,28.09220965
4315,26.45373821
4316,24.93285874
4317,24.03370785
4318,22.82681638
4319,21.84373758
4320,20.70203176
4321,19.54855755
4322,18.72624493
4323,18.4048824
4324,18.34261197
4325,17.79167094
4326,17.52615679
4327,16.81336921
4328,16.61037391
4329,15.98626027
4330,15.83589678
4331,15.32443795
4332,14.45098697
4333,13.86087667
4334,13.48275243
4335,12.8284068
4336,12.17757582
4337,11.91558844
4338,11.34805861
4339,10.87288133
4340,10.45920819
4341,10.28974379
4342,9.811704249
4343,9.655521345
4344,9.230370705
4345,8.878173925
4346,8.531176944
4347,8.060485329
4348,7.943573052
4349,7.512078903
4350,7.438608693
4351,7.261598428
4352,7.002338804
4353,6.663970406
4354,6.507812534
4355,6.597990917
4356,6.412581763
4357,6.381830125
4358,6.14361852
4359,5.98829514
4360,5.828929471
4361,6.014975546
4362,5.902692352
4363,6.397593525
4364,502.3324939
4365,471.7331575
4366,443.0465227
4367,416.1531775
4368,390.9414858
4369,367.305143
4370,345.146641
4371,324.3721009
4372,304.8962821
4373,286.6383339
4374,269.5210006
4375,253.47432
4376,238.4297375
4377,224.3253164
4378,211.103241
4379,198.712344
4380,187.1271906
4381,176.2661717
4382,166.084536
4383,156.5383706
4384,147.5889655
4385,139.1994051
4386,131.3336228
4387,123.9596395
4388,117.0463426
4389,110.5658212
4390,104.4897004
4391,98.79327467
4392,93.45357
4393,88.44702743
4394,83.74601877
4395,79.3465176
4396,74.70285331
4397,70.86598053
4398,67.26898175
4399,63.89272594
4400,60.73486807
4401,57.77393187
4402,54.99574863
4403,186.0465977
4404,175.061595
4405,164.7444606
4406,155.0925291
4407,146.0444057
4408,137.5617901
4409,129.7098449
4410,122.3488962
4411,115.4471874
4412,108.9775924
4413,102.912472
4414,97.2260467
4415,91.89514795
4416,86.89755537
4417,82.21161788
4418,77.81918343
4419,73.70127613
4420,69.84073804
4421,66.22148358
4422,62.82855752
4423,59.64762684
4424,56.66537933
4425,53.86895285
4426,51.24787246
4427,48.7906721
4428,46.48717176
4429,44.32701519
4430,42.30236841
4431,40.40432455
4432,38.62484593
4433,36.95658473
4434,35.39271485
4435,33.34583684
4436,32.0047012
4437,30.74951154
4438,29.57151429
4439,28.46839882
4440,27.43479056
4441,26.46634531
4442,329.2370251
4443,309.2389263
4444,290.1263407
4445,272.4835416
4446,255.7327925
4447,239.9378402
4448,225.4445029
4449,257.9876937
4450,243.0003726
4451,228.8825715
4452,215.5227163
4453,203.0292966
4454,191.268153
4455,180.2907685
4456,170.0005885
4457,160.3546767
4458,151.3117594
4459,142.7892745
4460,134.8398129
4461,127.3206996
4462,120.3387183
4463,113.7964859
4464,107.6726292
4465,102.000694
4466,96.68469926
4467,91.70026667
4468,87.02704167
4469,82.64658767
4470,78.53978705
4471,74.68927953
4472,71.08024817
4473,67.69671877
4474,64.52421551
4475,61.55068816
4476,58.76193681
4477,56.32544771
4478,53.92428084
4479,51.81580495
4480,49.84217825
4481,47.55796572
4482,45.84689148
4483,44.24600937
4484,42.74530045
4485,41.33864278
4486,40.02027622
4487,38.5178909
4488,125.2589602
4489,118.2245877
4490,111.6044954
4491,105.4252145
4492,99.634333
4493,94.20518718
4494,89.11561993
4495,84.34370618
4496,79.87016205
4497,75.67528386
4498,71.74270362
4499,68.05310409
4500,64.59634758
4501,61.35439531
4502,58.3171831
4503,55.5514911
4504,53.16332152
4505,50.92347503
4506,48.66793145
4507,46.70536629
4508,44.87014201
4509,43.14968175
4510,41.53668775
4511,40.02481838
4512,38.28319084
4513,36.65241502
4514,35.44193769
4515,34.29938603
4516,33.20203552
4517,32.17358191
4518,31.20915665
4519,30.30513297
4520,31.05663855
4521,30.01833475
4522,29.15668188
4523,28.37437538
4524,27.64596303
4525,26.96432645
4526,26.32554216
4527,81.00856383
4528,76.9921397
4529,73.22605458
4530,69.07081506
4531,69.17002801
4532,65.89189431
4533,62.81963703
4534,59.93995832
4535,57.22263454
4536,67.00923377
4537,65.42304555
4538,61.78743854
4539,58.73624446
4540,55.87725001
4541,53.19700522
4542,50.68471323
4543,48.33019643
4544,46.22847582
4545,44.14902941
4546,42.20061091
4547,40.37446856
4548,38.66258511
4549,37.05881937
4550,35.5552265
4551,34.14510817
4552,32.02049725
4553,30.75904256
4554,29.48536629
4555,28.29242673
4556,27.17297644
4557,25.47793625
4558,24.53189162
4559,23.64697479
4560,22.8188722
4561,22.04220657
4562,21.31421449
4563,20.63121498
4564,19.99109043
4565,19.39148061
4566,18.81133946
4567,18.28296408
4568,17.78885521
4569,17.32594065
4570,16.34867353
4571,16.68136754
4572,16.28485846
4573,857.1446451
4574,804.3554103
4575,754.8667458
4576,708.4720672
4577,664.9762366
4578,624.1997774
4579,585.9712774
4580,550.1323156
4581,516.5337265
4582,485.0342297
4583,455.5016459
4584,427.8161541
4585,401.8621375
4586,377.5296776
4587,354.7188783
4588,333.3329345
4589,313.2841816
4590,294.5180245
4591,276.9185576
4592,260.42937
4593,244.9717497
4594,230.480675
4595,216.8948481
4596,204.1589548
4597,192.2189299
4598,181.024462
4599,170.5220929
4600,160.6822399
4601,151.4594471
4602,142.8133289
4603,134.7068361
4604,127.1076936
4605,119.4368724
4606,112.874936
4607,106.73069
4608,100.9703343
4609,95.56993845
4610,451.3008798
4611,487.4088734
4612,457.6072911
4613,429.6704951
4614,403.4799989
4615,378.9262212
4616,355.9071171
4617,334.326582
4618,314.0950803
4619,295.12786
4620,277.346341
4621,260.6761669
4622,245.0478162
4623,230.3961749
4624,216.6603237
4625,203.7536715
4626,191.6420045
4627,180.2871918
4628,169.6414853
4629,159.6617675
4630,150.3004695
4631,141.5293152
4632,133.3066705
4633,125.5971216
4634,118.370239
4635,111.5949741
4636,105.2431007
4637,99.28759442
4638,93.70430032
4639,88.47059405
4640,83.56411942
4641,78.96411196
4642,74.65172996
4643,70.09962184
4644,66.33626353
4645,62.81043456
4646,59.43387962
4647,56.27808159
4648,53.32177093
4649,50.5503547
4650,413.1114992
4651,387.7717666
4652,363.7506076
4653,341.4411182
4654,320.3421872
4655,300.5416269
4656,282.1895738
4657,264.7525519
4658,248.4187118
4659,233.3400909
4660,218.8722241
4661,205.2777657
4662,192.5500859
4663,180.6636361
4664,169.4577769
4665,159.3095478
4666,149.3713955
4667,140.1366138
4668,131.486131
4669,123.3436784
4670,115.782761
4671,108.691762
4672,101.9270408
4673,95.56905907
4674,89.64157621
4675,84.12936659
4676,78.87276034
4677,73.97729616
4678,69.48560403
4679,65.82392045
4680,61.74243931
4681,58.58187019
4682,55.06602413
4683,52.29094624
4684,49.09572043
4685,46.03193929
4686,43.19646392
4687,40.58426826
4688,38.09132788
4689,35.72550183
4690,33.54221352
4691,31.49350573
4692,29.59678663
4693,27.87310552
4694,26.71998087
4695,25.06035706
4696,458.7686542
4697,430.8088564
4698,404.5991153
4699,380.0277262
4700,356.9919864
4701,335.3966747
4702,315.1505006
4703,296.1690874
4704,278.3750819
4705,261.6928823
4706,246.0494522
4707,231.38541
4708,217.6341969
4709,204.7429416
4710,192.6568202
4711,181.3268384
4712,170.704286
4713,160.7462126
4714,151.4100743
4715,142.6577641
4716,134.4336608
4717,126.7412445
4718,119.5313611
4719,112.7715261
4720,106.4350626
4721,100.4936837
4722,94.92439792
4723,89.70268555
4724,84.80564965
4725,80.21560905
4726,76.18068904
4727,72.44309042
4728,68.41152227
4729,65.15492713
4730,62.10530668
4731,59.24678751
4732,56.56755774
4733,54.05496038
4734,51.69958786
